expname,optimal value,optimal thresh
budda_20k_20db,3.97424228140153e-05,0.34
budda_20k_20db_no_network,7.303305756067857e-05,0.19
budda_20k_20db_das,6.261480302782729e-05,0.22
