expname,optimal value,optimal thresh
budda_20k_20db,0.0987224206328392,0.28
budda_20k_20db_no_network,0.1161813512444496,0.12
budda_20k_20db_das,0.1092346534132957,0.32
