expname,optimal value,optimal thresh
budda_20k_20db,0.6538587848932677,0.27
budda_20k_20db_no_network,0.5963203463203464,0.1
budda_20k_20db_das,0.3690207863761582,0.21
